rank,duration_seconds
0,148.795334
 1,148.355588
 2,148.848064
 3,148.708203
 4,149.086266
 5,148.841425
 6,148.330695
 7,148.716465
 8,149.451678
 9,149.114531
 10,146.889714
11,148.227522
